/*
SQLyog Ultimate v11.33 (64 bit)
MySQL - 5.1.49-community : Database - ssh
*********************************************************************
*/

/*!40101 SET NAMES utf8 */;

/*!40101 SET SQL_MODE=''*/;

/*!40014 SET @OLD_UNIQUE_CHECKS=@@UNIQUE_CHECKS, UNIQUE_CHECKS=0 */;
/*!40014 SET @OLD_FOREIGN_KEY_CHECKS=@@FOREIGN_KEY_CHECKS, FOREIGN_KEY_CHECKS=0 */;
/*!40101 SET @OLD_SQL_MODE=@@SQL_MODE, SQL_MODE='NO_AUTO_VALUE_ON_ZERO' */;
/*!40111 SET @OLD_SQL_NOTES=@@SQL_NOTES, SQL_NOTES=0 */;
CREATE DATABASE /*!32312 IF NOT EXISTS*/`ssh` /*!40100 DEFAULT CHARACTER SET utf8 */;

USE `ssh`;

/*Table structure for table `attachfile` */

DROP TABLE IF EXISTS `attachfile`;

CREATE TABLE `attachfile` (
  `id` bigint(20) NOT NULL AUTO_INCREMENT,
  `createTime` datetime DEFAULT NULL,
  `name` varchar(255) DEFAULT NULL,
  `type` varchar(255) DEFAULT NULL,
  `url` varchar(255) DEFAULT NULL,
  PRIMARY KEY (`id`)
) ENGINE=InnoDB DEFAULT CHARSET=utf8;

/*Data for the table `attachfile` */

/*Table structure for table `company` */

DROP TABLE IF EXISTS `company`;

CREATE TABLE `company` (
  `id` bigint(20) NOT NULL AUTO_INCREMENT,
  `name` varchar(255) DEFAULT NULL,
  `status` int(11) DEFAULT NULL,
  PRIMARY KEY (`id`)
) ENGINE=InnoDB DEFAULT CHARSET=utf8;

/*Data for the table `company` */

/*Table structure for table `icon` */

DROP TABLE IF EXISTS `icon`;

CREATE TABLE `icon` (
  `id` bigint(20) NOT NULL AUTO_INCREMENT,
  `classname` varchar(255) DEFAULT NULL,
  `displayname` varchar(255) DEFAULT NULL,
  `sourcetype` varchar(255) DEFAULT NULL,
  PRIMARY KEY (`id`)
) ENGINE=InnoDB AUTO_INCREMENT=1050 DEFAULT CHARSET=utf8;

/*Data for the table `icon` */

insert  into `icon`(`id`,`classname`,`displayname`,`sourcetype`) values (1,'glyphicon glyphicon-asterisk','glyphicon-asterisk','glyphicon'),(2,'glyphicon glyphicon-plus','glyphicon-plus','glyphicon'),(3,'glyphicon glyphicon-euro','glyphicon-euro','glyphicon'),(4,'glyphicon glyphicon-eur','glyphicon-eur','glyphicon'),(5,'glyphicon glyphicon-minus','glyphicon-minus','glyphicon'),(6,'glyphicon glyphicon-cloud','glyphicon-cloud','glyphicon'),(7,'glyphicon glyphicon-envelope','glyphicon-envelope','glyphicon'),(8,'glyphicon glyphicon-pencil','glyphicon-pencil','glyphicon'),(9,'glyphicon glyphicon-glass','glyphicon-glass','glyphicon'),(10,'glyphicon glyphicon-music','glyphicon-music','glyphicon'),(11,'glyphicon glyphicon-search','glyphicon-search','glyphicon'),(12,'glyphicon glyphicon-heart','glyphicon-heart','glyphicon'),(13,'glyphicon glyphicon-star','glyphicon-star','glyphicon'),(14,'glyphicon glyphicon-star-empty','glyphicon-star-empty','glyphicon'),(15,'glyphicon glyphicon-user','glyphicon-user','glyphicon'),(16,'glyphicon glyphicon-film','glyphicon-film','glyphicon'),(17,'glyphicon glyphicon-th-large','glyphicon-th-large','glyphicon'),(18,'glyphicon glyphicon-th','glyphicon-th','glyphicon'),(19,'glyphicon glyphicon-th-list','glyphicon-th-list','glyphicon'),(20,'glyphicon glyphicon-ok','glyphicon-ok','glyphicon'),(21,'glyphicon glyphicon-remove','glyphicon-remove','glyphicon'),(22,'glyphicon glyphicon-zoom-in','glyphicon-zoom-in','glyphicon'),(23,'glyphicon glyphicon-zoom-out','glyphicon-zoom-out','glyphicon'),(24,'glyphicon glyphicon-off','glyphicon-off','glyphicon'),(25,'glyphicon glyphicon-signal','glyphicon-signal','glyphicon'),(26,'glyphicon glyphicon-cog','glyphicon-cog','glyphicon'),(27,'glyphicon glyphicon-trash','glyphicon-trash','glyphicon'),(28,'glyphicon glyphicon-home','glyphicon-home','glyphicon'),(29,'glyphicon glyphicon-file','glyphicon-file','glyphicon'),(30,'glyphicon glyphicon-time','glyphicon-time','glyphicon'),(31,'glyphicon glyphicon-road','glyphicon-road','glyphicon'),(32,'glyphicon glyphicon-download-alt','glyphicon-download-alt','glyphicon'),(33,'glyphicon glyphicon-download','glyphicon-download','glyphicon'),(34,'glyphicon glyphicon-upload','glyphicon-upload','glyphicon'),(35,'glyphicon glyphicon-inbox','glyphicon-inbox','glyphicon'),(36,'glyphicon glyphicon-play-circle','glyphicon-play-circle','glyphicon'),(37,'glyphicon glyphicon-repeat','glyphicon-repeat','glyphicon'),(38,'glyphicon glyphicon-refresh','glyphicon-refresh','glyphicon'),(39,'glyphicon glyphicon-list-alt','glyphicon-list-alt','glyphicon'),(40,'glyphicon glyphicon-lock','glyphicon-lock','glyphicon'),(41,'glyphicon glyphicon-flag','glyphicon-flag','glyphicon'),(42,'glyphicon glyphicon-headphones','glyphicon-headphones','glyphicon'),(43,'glyphicon glyphicon-volume-off','glyphicon-volume-off','glyphicon'),(44,'glyphicon glyphicon-volume-down','glyphicon-volume-down','glyphicon'),(45,'glyphicon glyphicon-volume-up','glyphicon-volume-up','glyphicon'),(46,'glyphicon glyphicon-qrcode','glyphicon-qrcode','glyphicon'),(47,'glyphicon glyphicon-barcode','glyphicon-barcode','glyphicon'),(48,'glyphicon glyphicon-tag','glyphicon-tag','glyphicon'),(49,'glyphicon glyphicon-tags','glyphicon-tags','glyphicon'),(50,'glyphicon glyphicon-book','glyphicon-book','glyphicon'),(51,'glyphicon glyphicon-bookmark','glyphicon-bookmark','glyphicon'),(52,'glyphicon glyphicon-print','glyphicon-print','glyphicon'),(53,'glyphicon glyphicon-camera','glyphicon-camera','glyphicon'),(54,'glyphicon glyphicon-font','glyphicon-font','glyphicon'),(55,'glyphicon glyphicon-bold','glyphicon-bold','glyphicon'),(56,'glyphicon glyphicon-italic','glyphicon-italic','glyphicon'),(57,'glyphicon glyphicon-text-height','glyphicon-text-height','glyphicon'),(58,'glyphicon glyphicon-text-width','glyphicon-text-width','glyphicon'),(59,'glyphicon glyphicon-align-left','glyphicon-align-left','glyphicon'),(60,'glyphicon glyphicon-align-center','glyphicon-align-center','glyphicon'),(61,'glyphicon glyphicon-align-right','glyphicon-align-right','glyphicon'),(62,'glyphicon glyphicon-align-justify','glyphicon-align-justify','glyphicon'),(63,'glyphicon glyphicon-list','glyphicon-list','glyphicon'),(64,'glyphicon glyphicon-indent-left','glyphicon-indent-left','glyphicon'),(65,'glyphicon glyphicon-indent-right','glyphicon-indent-right','glyphicon'),(66,'glyphicon glyphicon-facetime-video','glyphicon-facetime-video','glyphicon'),(67,'glyphicon glyphicon-picture','glyphicon-picture','glyphicon'),(68,'glyphicon glyphicon-map-marker','glyphicon-map-marker','glyphicon'),(69,'glyphicon glyphicon-adjust','glyphicon-adjust','glyphicon'),(70,'glyphicon glyphicon-tint','glyphicon-tint','glyphicon'),(71,'glyphicon glyphicon-edit','glyphicon-edit','glyphicon'),(72,'glyphicon glyphicon-share','glyphicon-share','glyphicon'),(73,'glyphicon glyphicon-check','glyphicon-check','glyphicon'),(74,'glyphicon glyphicon-move','glyphicon-move','glyphicon'),(75,'glyphicon glyphicon-step-backward','glyphicon-step-backward','glyphicon'),(76,'glyphicon glyphicon-fast-backward','glyphicon-fast-backward','glyphicon'),(77,'glyphicon glyphicon-backward','glyphicon-backward','glyphicon'),(78,'glyphicon glyphicon-play','glyphicon-play','glyphicon'),(79,'glyphicon glyphicon-pause','glyphicon-pause','glyphicon'),(80,'glyphicon glyphicon-stop','glyphicon-stop','glyphicon'),(81,'glyphicon glyphicon-forward','glyphicon-forward','glyphicon'),(82,'glyphicon glyphicon-fast-forward','glyphicon-fast-forward','glyphicon'),(83,'glyphicon glyphicon-step-forward','glyphicon-step-forward','glyphicon'),(84,'glyphicon glyphicon-eject','glyphicon-eject','glyphicon'),(85,'glyphicon glyphicon-chevron-left','glyphicon-chevron-left','glyphicon'),(86,'glyphicon glyphicon-chevron-right','glyphicon-chevron-right','glyphicon'),(87,'glyphicon glyphicon-plus-sign','glyphicon-plus-sign','glyphicon'),(88,'glyphicon glyphicon-minus-sign','glyphicon-minus-sign','glyphicon'),(89,'glyphicon glyphicon-remove-sign','glyphicon-remove-sign','glyphicon'),(90,'glyphicon glyphicon-ok-sign','glyphicon-ok-sign','glyphicon'),(91,'glyphicon glyphicon-question-sign','glyphicon-question-sign','glyphicon'),(92,'glyphicon glyphicon-info-sign','glyphicon-info-sign','glyphicon'),(93,'glyphicon glyphicon-screenshot','glyphicon-screenshot','glyphicon'),(94,'glyphicon glyphicon-remove-circle','glyphicon-remove-circle','glyphicon'),(95,'glyphicon glyphicon-ok-circle','glyphicon-ok-circle','glyphicon'),(96,'glyphicon glyphicon-ban-circle','glyphicon-ban-circle','glyphicon'),(97,'glyphicon glyphicon-arrow-left','glyphicon-arrow-left','glyphicon'),(98,'glyphicon glyphicon-arrow-right','glyphicon-arrow-right','glyphicon'),(99,'glyphicon glyphicon-arrow-up','glyphicon-arrow-up','glyphicon'),(100,'glyphicon glyphicon-arrow-down','glyphicon-arrow-down','glyphicon'),(101,'glyphicon glyphicon-share-alt','glyphicon-share-alt','glyphicon'),(102,'glyphicon glyphicon-resize-full','glyphicon-resize-full','glyphicon'),(103,'glyphicon glyphicon-resize-small','glyphicon-resize-small','glyphicon'),(104,'glyphicon glyphicon-exclamation-sign','glyphicon-exclamation-sign','glyphicon'),(105,'glyphicon glyphicon-gift','glyphicon-gift','glyphicon'),(106,'glyphicon glyphicon-leaf','glyphicon-leaf','glyphicon'),(107,'glyphicon glyphicon-fire','glyphicon-fire','glyphicon'),(108,'glyphicon glyphicon-eye-open','glyphicon-eye-open','glyphicon'),(109,'glyphicon glyphicon-eye-close','glyphicon-eye-close','glyphicon'),(110,'glyphicon glyphicon-warning-sign','glyphicon-warning-sign','glyphicon'),(111,'glyphicon glyphicon-plane','glyphicon-plane','glyphicon'),(112,'glyphicon glyphicon-calendar','glyphicon-calendar','glyphicon'),(113,'glyphicon glyphicon-random','glyphicon-random','glyphicon'),(114,'glyphicon glyphicon-comment','glyphicon-comment','glyphicon'),(115,'glyphicon glyphicon-magnet','glyphicon-magnet','glyphicon'),(116,'glyphicon glyphicon-chevron-up','glyphicon-chevron-up','glyphicon'),(117,'glyphicon glyphicon-chevron-down','glyphicon-chevron-down','glyphicon'),(118,'glyphicon glyphicon-retweet','glyphicon-retweet','glyphicon'),(119,'glyphicon glyphicon-shopping-cart','glyphicon-shopping-cart','glyphicon'),(120,'glyphicon glyphicon-folder-close','glyphicon-folder-close','glyphicon'),(121,'glyphicon glyphicon-folder-open','glyphicon-folder-open','glyphicon'),(122,'glyphicon glyphicon-resize-vertical','glyphicon-resize-vertical','glyphicon'),(123,'glyphicon glyphicon-resize-horizontal','glyphicon-resize-horizontal','glyphicon'),(124,'glyphicon glyphicon-hdd','glyphicon-hdd','glyphicon'),(125,'glyphicon glyphicon-bullhorn','glyphicon-bullhorn','glyphicon'),(126,'glyphicon glyphicon-bell','glyphicon-bell','glyphicon'),(127,'glyphicon glyphicon-certificate','glyphicon-certificate','glyphicon'),(128,'glyphicon glyphicon-thumbs-up','glyphicon-thumbs-up','glyphicon'),(129,'glyphicon glyphicon-thumbs-down','glyphicon-thumbs-down','glyphicon'),(130,'glyphicon glyphicon-hand-right','glyphicon-hand-right','glyphicon'),(131,'glyphicon glyphicon-hand-left','glyphicon-hand-left','glyphicon'),(132,'glyphicon glyphicon-hand-up','glyphicon-hand-up','glyphicon'),(133,'glyphicon glyphicon-hand-down','glyphicon-hand-down','glyphicon'),(134,'glyphicon glyphicon-circle-arrow-right','glyphicon-circle-arrow-right','glyphicon'),(135,'glyphicon glyphicon-circle-arrow-left','glyphicon-circle-arrow-left','glyphicon'),(136,'glyphicon glyphicon-circle-arrow-up','glyphicon-circle-arrow-up','glyphicon'),(137,'glyphicon glyphicon-circle-arrow-down','glyphicon-circle-arrow-down','glyphicon'),(138,'glyphicon glyphicon-globe','glyphicon-globe','glyphicon'),(139,'glyphicon glyphicon-wrench','glyphicon-wrench','glyphicon'),(140,'glyphicon glyphicon-tasks','glyphicon-tasks','glyphicon'),(141,'glyphicon glyphicon-filter','glyphicon-filter','glyphicon'),(142,'glyphicon glyphicon-briefcase','glyphicon-briefcase','glyphicon'),(143,'glyphicon glyphicon-fullscreen','glyphicon-fullscreen','glyphicon'),(144,'glyphicon glyphicon-dashboard','glyphicon-dashboard','glyphicon'),(145,'glyphicon glyphicon-paperclip','glyphicon-paperclip','glyphicon'),(146,'glyphicon glyphicon-heart-empty','glyphicon-heart-empty','glyphicon'),(147,'glyphicon glyphicon-link','glyphicon-link','glyphicon'),(148,'glyphicon glyphicon-phone','glyphicon-phone','glyphicon'),(149,'glyphicon glyphicon-pushpin','glyphicon-pushpin','glyphicon'),(150,'glyphicon glyphicon-usd','glyphicon-usd','glyphicon'),(151,'glyphicon glyphicon-gbp','glyphicon-gbp','glyphicon'),(152,'glyphicon glyphicon-sort','glyphicon-sort','glyphicon'),(153,'glyphicon glyphicon-sort-by-alphabet','glyphicon-sort-by-alphabet','glyphicon'),(154,'glyphicon glyphicon-sort-by-alphabet-alt','glyphicon-sort-by-alphabet-alt','glyphicon'),(155,'glyphicon glyphicon-sort-by-order','glyphicon-sort-by-order','glyphicon'),(156,'glyphicon glyphicon-sort-by-order-alt','glyphicon-sort-by-order-alt','glyphicon'),(157,'glyphicon glyphicon-sort-by-attributes','glyphicon-sort-by-attributes','glyphicon'),(158,'glyphicon glyphicon-sort-by-attributes-alt','glyphicon-sort-by-attributes-alt','glyphicon'),(159,'glyphicon glyphicon-unchecked','glyphicon-unchecked','glyphicon'),(160,'glyphicon glyphicon-expand','glyphicon-expand','glyphicon'),(161,'glyphicon glyphicon-collapse-down','glyphicon-collapse-down','glyphicon'),(162,'glyphicon glyphicon-collapse-up','glyphicon-collapse-up','glyphicon'),(163,'glyphicon glyphicon-log-in','glyphicon-log-in','glyphicon'),(164,'glyphicon glyphicon-flash','glyphicon-flash','glyphicon'),(165,'glyphicon glyphicon-log-out','glyphicon-log-out','glyphicon'),(166,'glyphicon glyphicon-new-window','glyphicon-new-window','glyphicon'),(167,'glyphicon glyphicon-record','glyphicon-record','glyphicon'),(168,'glyphicon glyphicon-save','glyphicon-save','glyphicon'),(169,'glyphicon glyphicon-open','glyphicon-open','glyphicon'),(170,'glyphicon glyphicon-saved','glyphicon-saved','glyphicon'),(171,'glyphicon glyphicon-import','glyphicon-import','glyphicon'),(172,'glyphicon glyphicon-export','glyphicon-export','glyphicon'),(173,'glyphicon glyphicon-send','glyphicon-send','glyphicon'),(174,'glyphicon glyphicon-floppy-disk','glyphicon-floppy-disk','glyphicon'),(175,'glyphicon glyphicon-floppy-saved','glyphicon-floppy-saved','glyphicon'),(176,'glyphicon glyphicon-floppy-remove','glyphicon-floppy-remove','glyphicon'),(177,'glyphicon glyphicon-floppy-save','glyphicon-floppy-save','glyphicon'),(178,'glyphicon glyphicon-floppy-open','glyphicon-floppy-open','glyphicon'),(179,'glyphicon glyphicon-credit-card','glyphicon-credit-card','glyphicon'),(180,'glyphicon glyphicon-transfer','glyphicon-transfer','glyphicon'),(181,'glyphicon glyphicon-cutlery','glyphicon-cutlery','glyphicon'),(182,'glyphicon glyphicon-header','glyphicon-header','glyphicon'),(183,'glyphicon glyphicon-compressed','glyphicon-compressed','glyphicon'),(184,'glyphicon glyphicon-earphone','glyphicon-earphone','glyphicon'),(185,'glyphicon glyphicon-phone-alt','glyphicon-phone-alt','glyphicon'),(186,'glyphicon glyphicon-tower','glyphicon-tower','glyphicon'),(187,'glyphicon glyphicon-stats','glyphicon-stats','glyphicon'),(188,'glyphicon glyphicon-sd-video','glyphicon-sd-video','glyphicon'),(189,'glyphicon glyphicon-hd-video','glyphicon-hd-video','glyphicon'),(190,'glyphicon glyphicon-subtitles','glyphicon-subtitles','glyphicon'),(191,'glyphicon glyphicon-sound-stereo','glyphicon-sound-stereo','glyphicon'),(192,'glyphicon glyphicon-sound-dolby','glyphicon-sound-dolby','glyphicon'),(193,'glyphicon glyphicon-sound-5-1','glyphicon-sound-5-1','glyphicon'),(194,'glyphicon glyphicon-sound-6-1','glyphicon-sound-6-1','glyphicon'),(195,'glyphicon glyphicon-sound-7-1','glyphicon-sound-7-1','glyphicon'),(196,'glyphicon glyphicon-copyright-mark','glyphicon-copyright-mark','glyphicon'),(197,'glyphicon glyphicon-registration-mark','glyphicon-registration-mark','glyphicon'),(198,'glyphicon glyphicon-cloud-download','glyphicon-cloud-download','glyphicon'),(199,'glyphicon glyphicon-cloud-upload','glyphicon-cloud-upload','glyphicon'),(200,'glyphicon glyphicon-tree-conifer','glyphicon-tree-conifer','glyphicon'),(201,'glyphicon glyphicon-tree-deciduous','glyphicon-tree-deciduous','glyphicon'),(202,'glyphicon glyphicon-cd','glyphicon-cd','glyphicon'),(203,'glyphicon glyphicon-save-file','glyphicon-save-file','glyphicon'),(204,'glyphicon glyphicon-open-file','glyphicon-open-file','glyphicon'),(205,'glyphicon glyphicon-level-up','glyphicon-level-up','glyphicon'),(206,'glyphicon glyphicon-copy','glyphicon-copy','glyphicon'),(207,'glyphicon glyphicon-paste','glyphicon-paste','glyphicon'),(208,'glyphicon glyphicon-alert','glyphicon-alert','glyphicon'),(209,'glyphicon glyphicon-equalizer','glyphicon-equalizer','glyphicon'),(210,'glyphicon glyphicon-king','glyphicon-king','glyphicon'),(211,'glyphicon glyphicon-queen','glyphicon-queen','glyphicon'),(212,'glyphicon glyphicon-pawn','glyphicon-pawn','glyphicon'),(213,'glyphicon glyphicon-bishop','glyphicon-bishop','glyphicon'),(214,'glyphicon glyphicon-knight','glyphicon-knight','glyphicon'),(215,'glyphicon glyphicon-baby-formula','glyphicon-baby-formula','glyphicon'),(216,'glyphicon glyphicon-tent','glyphicon-tent','glyphicon'),(217,'glyphicon glyphicon-blackboard','glyphicon-blackboard','glyphicon'),(218,'glyphicon glyphicon-bed','glyphicon-bed','glyphicon'),(219,'glyphicon glyphicon-apple','glyphicon-apple','glyphicon'),(220,'glyphicon glyphicon-erase','glyphicon-erase','glyphicon'),(221,'glyphicon glyphicon-hourglass','glyphicon-hourglass','glyphicon'),(222,'glyphicon glyphicon-lamp','glyphicon-lamp','glyphicon'),(223,'glyphicon glyphicon-duplicate','glyphicon-duplicate','glyphicon'),(224,'glyphicon glyphicon-piggy-bank','glyphicon-piggy-bank','glyphicon'),(225,'glyphicon glyphicon-scissors','glyphicon-scissors','glyphicon'),(226,'glyphicon glyphicon-bitcoin','glyphicon-bitcoin','glyphicon'),(227,'glyphicon glyphicon-btc','glyphicon-btc','glyphicon'),(228,'glyphicon glyphicon-xbt','glyphicon-xbt','glyphicon'),(229,'glyphicon glyphicon-yen','glyphicon-yen','glyphicon'),(230,'glyphicon glyphicon-jpy','glyphicon-jpy','glyphicon'),(231,'glyphicon glyphicon-ruble','glyphicon-ruble','glyphicon'),(232,'glyphicon glyphicon-rub','glyphicon-rub','glyphicon'),(233,'glyphicon glyphicon-scale','glyphicon-scale','glyphicon'),(234,'glyphicon glyphicon-ice-lolly','glyphicon-ice-lolly','glyphicon'),(235,'glyphicon glyphicon-ice-lolly-tasted','glyphicon-ice-lolly-tasted','glyphicon'),(236,'glyphicon glyphicon-education','glyphicon-education','glyphicon'),(237,'glyphicon glyphicon-option-horizontal','glyphicon-option-horizontal','glyphicon'),(238,'glyphicon glyphicon-option-vertical','glyphicon-option-vertical','glyphicon'),(239,'glyphicon glyphicon-menu-hamburger','glyphicon-menu-hamburger','glyphicon'),(240,'glyphicon glyphicon-modal-window','glyphicon-modal-window','glyphicon'),(241,'glyphicon glyphicon-oil','glyphicon-oil','glyphicon'),(242,'glyphicon glyphicon-grain','glyphicon-grain','glyphicon'),(243,'glyphicon glyphicon-sunglasses','glyphicon-sunglasses','glyphicon'),(244,'glyphicon glyphicon-text-size','glyphicon-text-size','glyphicon'),(245,'glyphicon glyphicon-text-color','glyphicon-text-color','glyphicon'),(246,'glyphicon glyphicon-text-background','glyphicon-text-background','glyphicon'),(247,'glyphicon glyphicon-object-align-top','glyphicon-object-align-top','glyphicon'),(248,'glyphicon glyphicon-object-align-bottom','glyphicon-object-align-bottom','glyphicon'),(249,'glyphicon glyphicon-object-align-horizontal','glyphicon-object-align-horizontal','glyphicon'),(250,'glyphicon glyphicon-object-align-left','glyphicon-object-align-left','glyphicon'),(251,'glyphicon glyphicon-object-align-vertical','glyphicon-object-align-vertical','glyphicon'),(252,'glyphicon glyphicon-object-align-right','glyphicon-object-align-right','glyphicon'),(253,'glyphicon glyphicon-triangle-right','glyphicon-triangle-right','glyphicon'),(254,'glyphicon glyphicon-triangle-left','glyphicon-triangle-left','glyphicon'),(255,'glyphicon glyphicon-triangle-bottom','glyphicon-triangle-bottom','glyphicon'),(256,'glyphicon glyphicon-triangle-top','glyphicon-triangle-top','glyphicon'),(257,'glyphicon glyphicon-console','glyphicon-console','glyphicon'),(258,'glyphicon glyphicon-superscript','glyphicon-superscript','glyphicon'),(259,'glyphicon glyphicon-subscript','glyphicon-subscript','glyphicon'),(260,'glyphicon glyphicon-menu-left','glyphicon-menu-left','glyphicon'),(261,'glyphicon glyphicon-menu-right','glyphicon-menu-right','glyphicon'),(262,'glyphicon glyphicon-menu-down','glyphicon-menu-down','glyphicon'),(263,'glyphicon glyphicon-menu-up','glyphicon-menu-up','glyphicon'),(264,'fa fa-glass','fa-glass','fontawesome'),(265,'fa fa-music','fa-music','fontawesome'),(266,'fa fa-search','fa-search','fontawesome'),(267,'fa fa-envelope-o','fa-envelope-o','fontawesome'),(268,'fa fa-heart','fa-heart','fontawesome'),(269,'fa fa-star','fa-star','fontawesome'),(270,'fa fa-star-o','fa-star-o','fontawesome'),(271,'fa fa-user','fa-user','fontawesome'),(272,'fa fa-film','fa-film','fontawesome'),(273,'fa fa-th-large','fa-th-large','fontawesome'),(274,'fa fa-th','fa-th','fontawesome'),(275,'fa fa-th-list','fa-th-list','fontawesome'),(276,'fa fa-check','fa-check','fontawesome'),(277,'fa fa-remove','fa-remove','fontawesome'),(278,'fa fa-close','fa-close','fontawesome'),(279,'fa fa-times','fa-times','fontawesome'),(280,'fa fa-search-plus','fa-search-plus','fontawesome'),(281,'fa fa-search-minus','fa-search-minus','fontawesome'),(282,'fa fa-power-off','fa-power-off','fontawesome'),(283,'fa fa-signal','fa-signal','fontawesome'),(284,'fa fa-gear','fa-gear','fontawesome'),(285,'fa fa-cog','fa-cog','fontawesome'),(286,'fa fa-trash-o','fa-trash-o','fontawesome'),(287,'fa fa-home','fa-home','fontawesome'),(288,'fa fa-file-o','fa-file-o','fontawesome'),(289,'fa fa-clock-o','fa-clock-o','fontawesome'),(290,'fa fa-road','fa-road','fontawesome'),(291,'fa fa-download','fa-download','fontawesome'),(292,'fa fa-arrow-circle-o-down','fa-arrow-circle-o-down','fontawesome'),(293,'fa fa-arrow-circle-o-up','fa-arrow-circle-o-up','fontawesome'),(294,'fa fa-inbox','fa-inbox','fontawesome'),(295,'fa fa-play-circle-o','fa-play-circle-o','fontawesome'),(296,'fa fa-rotate-right','fa-rotate-right','fontawesome'),(297,'fa fa-repeat','fa-repeat','fontawesome'),(298,'fa fa-refresh','fa-refresh','fontawesome'),(299,'fa fa-list-alt','fa-list-alt','fontawesome'),(300,'fa fa-lock','fa-lock','fontawesome'),(301,'fa fa-flag','fa-flag','fontawesome'),(302,'fa fa-headphones','fa-headphones','fontawesome'),(303,'fa fa-volume-off','fa-volume-off','fontawesome'),(304,'fa fa-volume-down','fa-volume-down','fontawesome'),(305,'fa fa-volume-up','fa-volume-up','fontawesome'),(306,'fa fa-qrcode','fa-qrcode','fontawesome'),(307,'fa fa-barcode','fa-barcode','fontawesome'),(308,'fa fa-tag','fa-tag','fontawesome'),(309,'fa fa-tags','fa-tags','fontawesome'),(310,'fa fa-book','fa-book','fontawesome'),(311,'fa fa-bookmark','fa-bookmark','fontawesome'),(312,'fa fa-print','fa-print','fontawesome'),(313,'fa fa-camera','fa-camera','fontawesome'),(314,'fa fa-font','fa-font','fontawesome'),(315,'fa fa-bold','fa-bold','fontawesome'),(316,'fa fa-italic','fa-italic','fontawesome'),(317,'fa fa-text-height','fa-text-height','fontawesome'),(318,'fa fa-text-width','fa-text-width','fontawesome'),(319,'fa fa-align-left','fa-align-left','fontawesome'),(320,'fa fa-align-center','fa-align-center','fontawesome'),(321,'fa fa-align-right','fa-align-right','fontawesome'),(322,'fa fa-align-justify','fa-align-justify','fontawesome'),(323,'fa fa-list','fa-list','fontawesome'),(324,'fa fa-dedent','fa-dedent','fontawesome'),(325,'fa fa-outdent','fa-outdent','fontawesome'),(326,'fa fa-indent','fa-indent','fontawesome'),(327,'fa fa-video-camera','fa-video-camera','fontawesome'),(328,'fa fa-photo','fa-photo','fontawesome'),(329,'fa fa-image','fa-image','fontawesome'),(330,'fa fa-picture-o','fa-picture-o','fontawesome'),(331,'fa fa-pencil','fa-pencil','fontawesome'),(332,'fa fa-map-marker','fa-map-marker','fontawesome'),(333,'fa fa-adjust','fa-adjust','fontawesome'),(334,'fa fa-tint','fa-tint','fontawesome'),(335,'fa fa-edit','fa-edit','fontawesome'),(336,'fa fa-pencil-square-o','fa-pencil-square-o','fontawesome'),(337,'fa fa-share-square-o','fa-share-square-o','fontawesome'),(338,'fa fa-check-square-o','fa-check-square-o','fontawesome'),(339,'fa fa-arrows','fa-arrows','fontawesome'),(340,'fa fa-step-backward','fa-step-backward','fontawesome'),(341,'fa fa-fast-backward','fa-fast-backward','fontawesome'),(342,'fa fa-backward','fa-backward','fontawesome'),(343,'fa fa-play','fa-play','fontawesome'),(344,'fa fa-pause','fa-pause','fontawesome'),(345,'fa fa-stop','fa-stop','fontawesome'),(346,'fa fa-forward','fa-forward','fontawesome'),(347,'fa fa-fast-forward','fa-fast-forward','fontawesome'),(348,'fa fa-step-forward','fa-step-forward','fontawesome'),(349,'fa fa-eject','fa-eject','fontawesome'),(350,'fa fa-chevron-left','fa-chevron-left','fontawesome'),(351,'fa fa-chevron-right','fa-chevron-right','fontawesome'),(352,'fa fa-plus-circle','fa-plus-circle','fontawesome'),(353,'fa fa-minus-circle','fa-minus-circle','fontawesome'),(354,'fa fa-times-circle','fa-times-circle','fontawesome'),(355,'fa fa-check-circle','fa-check-circle','fontawesome'),(356,'fa fa-question-circle','fa-question-circle','fontawesome'),(357,'fa fa-info-circle','fa-info-circle','fontawesome'),(358,'fa fa-crosshairs','fa-crosshairs','fontawesome'),(359,'fa fa-times-circle-o','fa-times-circle-o','fontawesome'),(360,'fa fa-check-circle-o','fa-check-circle-o','fontawesome'),(361,'fa fa-ban','fa-ban','fontawesome'),(362,'fa fa-arrow-left','fa-arrow-left','fontawesome'),(363,'fa fa-arrow-right','fa-arrow-right','fontawesome'),(364,'fa fa-arrow-up','fa-arrow-up','fontawesome'),(365,'fa fa-arrow-down','fa-arrow-down','fontawesome'),(366,'fa fa-mail-forward','fa-mail-forward','fontawesome'),(367,'fa fa-share','fa-share','fontawesome'),(368,'fa fa-expand','fa-expand','fontawesome'),(369,'fa fa-compress','fa-compress','fontawesome'),(370,'fa fa-plus','fa-plus','fontawesome'),(371,'fa fa-minus','fa-minus','fontawesome'),(372,'fa fa-asterisk','fa-asterisk','fontawesome'),(373,'fa fa-exclamation-circle','fa-exclamation-circle','fontawesome'),(374,'fa fa-gift','fa-gift','fontawesome'),(375,'fa fa-leaf','fa-leaf','fontawesome'),(376,'fa fa-fire','fa-fire','fontawesome'),(377,'fa fa-eye','fa-eye','fontawesome'),(378,'fa fa-eye-slash','fa-eye-slash','fontawesome'),(379,'fa fa-warning','fa-warning','fontawesome'),(380,'fa fa-exclamation-triangle','fa-exclamation-triangle','fontawesome'),(381,'fa fa-plane','fa-plane','fontawesome'),(382,'fa fa-calendar','fa-calendar','fontawesome'),(383,'fa fa-random','fa-random','fontawesome'),(384,'fa fa-comment','fa-comment','fontawesome'),(385,'fa fa-magnet','fa-magnet','fontawesome'),(386,'fa fa-chevron-up','fa-chevron-up','fontawesome'),(387,'fa fa-chevron-down','fa-chevron-down','fontawesome'),(388,'fa fa-retweet','fa-retweet','fontawesome'),(389,'fa fa-shopping-cart','fa-shopping-cart','fontawesome'),(390,'fa fa-folder','fa-folder','fontawesome'),(391,'fa fa-folder-open','fa-folder-open','fontawesome'),(392,'fa fa-arrows-v','fa-arrows-v','fontawesome'),(393,'fa fa-arrows-h','fa-arrows-h','fontawesome'),(394,'fa fa-bar-chart-o','fa-bar-chart-o','fontawesome'),(395,'fa fa-bar-chart','fa-bar-chart','fontawesome'),(396,'fa fa-twitter-square','fa-twitter-square','fontawesome'),(397,'fa fa-facebook-square','fa-facebook-square','fontawesome'),(398,'fa fa-camera-retro','fa-camera-retro','fontawesome'),(399,'fa fa-key','fa-key','fontawesome'),(400,'fa fa-gears','fa-gears','fontawesome'),(401,'fa fa-cogs','fa-cogs','fontawesome'),(402,'fa fa-comments','fa-comments','fontawesome'),(403,'fa fa-thumbs-o-up','fa-thumbs-o-up','fontawesome'),(404,'fa fa-thumbs-o-down','fa-thumbs-o-down','fontawesome'),(405,'fa fa-star-half','fa-star-half','fontawesome'),(406,'fa fa-heart-o','fa-heart-o','fontawesome'),(407,'fa fa-sign-out','fa-sign-out','fontawesome'),(408,'fa fa-linkedin-square','fa-linkedin-square','fontawesome'),(409,'fa fa-thumb-tack','fa-thumb-tack','fontawesome'),(410,'fa fa-external-link','fa-external-link','fontawesome'),(411,'fa fa-sign-in','fa-sign-in','fontawesome'),(412,'fa fa-trophy','fa-trophy','fontawesome'),(413,'fa fa-github-square','fa-github-square','fontawesome'),(414,'fa fa-upload','fa-upload','fontawesome'),(415,'fa fa-lemon-o','fa-lemon-o','fontawesome'),(416,'fa fa-phone','fa-phone','fontawesome'),(417,'fa fa-square-o','fa-square-o','fontawesome'),(418,'fa fa-bookmark-o','fa-bookmark-o','fontawesome'),(419,'fa fa-phone-square','fa-phone-square','fontawesome'),(420,'fa fa-twitter','fa-twitter','fontawesome'),(421,'fa fa-facebook-f','fa-facebook-f','fontawesome'),(422,'fa fa-facebook','fa-facebook','fontawesome'),(423,'fa fa-github','fa-github','fontawesome'),(424,'fa fa-unlock','fa-unlock','fontawesome'),(425,'fa fa-credit-card','fa-credit-card','fontawesome'),(426,'fa fa-feed','fa-feed','fontawesome'),(427,'fa fa-rss','fa-rss','fontawesome'),(428,'fa fa-hdd-o','fa-hdd-o','fontawesome'),(429,'fa fa-bullhorn','fa-bullhorn','fontawesome'),(430,'fa fa-bell','fa-bell','fontawesome'),(431,'fa fa-certificate','fa-certificate','fontawesome'),(432,'fa fa-hand-o-right','fa-hand-o-right','fontawesome'),(433,'fa fa-hand-o-left','fa-hand-o-left','fontawesome'),(434,'fa fa-hand-o-up','fa-hand-o-up','fontawesome'),(435,'fa fa-hand-o-down','fa-hand-o-down','fontawesome'),(436,'fa fa-arrow-circle-left','fa-arrow-circle-left','fontawesome'),(437,'fa fa-arrow-circle-right','fa-arrow-circle-right','fontawesome'),(438,'fa fa-arrow-circle-up','fa-arrow-circle-up','fontawesome'),(439,'fa fa-arrow-circle-down','fa-arrow-circle-down','fontawesome'),(440,'fa fa-globe','fa-globe','fontawesome'),(441,'fa fa-wrench','fa-wrench','fontawesome'),(442,'fa fa-tasks','fa-tasks','fontawesome'),(443,'fa fa-filter','fa-filter','fontawesome'),(444,'fa fa-briefcase','fa-briefcase','fontawesome'),(445,'fa fa-arrows-alt','fa-arrows-alt','fontawesome'),(446,'fa fa-group','fa-group','fontawesome'),(447,'fa fa-users','fa-users','fontawesome'),(448,'fa fa-chain','fa-chain','fontawesome'),(449,'fa fa-link','fa-link','fontawesome'),(450,'fa fa-cloud','fa-cloud','fontawesome'),(451,'fa fa-flask','fa-flask','fontawesome'),(452,'fa fa-cut','fa-cut','fontawesome'),(453,'fa fa-scissors','fa-scissors','fontawesome'),(454,'fa fa-copy','fa-copy','fontawesome'),(455,'fa fa-files-o','fa-files-o','fontawesome'),(456,'fa fa-paperclip','fa-paperclip','fontawesome'),(457,'fa fa-save','fa-save','fontawesome'),(458,'fa fa-floppy-o','fa-floppy-o','fontawesome'),(459,'fa fa-square','fa-square','fontawesome'),(460,'fa fa-navicon','fa-navicon','fontawesome'),(461,'fa fa-reorder','fa-reorder','fontawesome'),(462,'fa fa-bars','fa-bars','fontawesome'),(463,'fa fa-list-ul','fa-list-ul','fontawesome'),(464,'fa fa-list-ol','fa-list-ol','fontawesome'),(465,'fa fa-strikethrough','fa-strikethrough','fontawesome'),(466,'fa fa-underline','fa-underline','fontawesome'),(467,'fa fa-table','fa-table','fontawesome'),(468,'fa fa-magic','fa-magic','fontawesome'),(469,'fa fa-truck','fa-truck','fontawesome'),(470,'fa fa-pinterest','fa-pinterest','fontawesome'),(471,'fa fa-pinterest-square','fa-pinterest-square','fontawesome'),(472,'fa fa-google-plus-square','fa-google-plus-square','fontawesome'),(473,'fa fa-google-plus','fa-google-plus','fontawesome'),(474,'fa fa-money','fa-money','fontawesome'),(475,'fa fa-caret-down','fa-caret-down','fontawesome'),(476,'fa fa-caret-up','fa-caret-up','fontawesome'),(477,'fa fa-caret-left','fa-caret-left','fontawesome'),(478,'fa fa-caret-right','fa-caret-right','fontawesome'),(479,'fa fa-columns','fa-columns','fontawesome'),(480,'fa fa-unsorted','fa-unsorted','fontawesome'),(481,'fa fa-sort','fa-sort','fontawesome'),(482,'fa fa-sort-down','fa-sort-down','fontawesome'),(483,'fa fa-sort-desc','fa-sort-desc','fontawesome'),(484,'fa fa-sort-up','fa-sort-up','fontawesome'),(485,'fa fa-sort-asc','fa-sort-asc','fontawesome'),(486,'fa fa-envelope','fa-envelope','fontawesome'),(487,'fa fa-linkedin','fa-linkedin','fontawesome'),(488,'fa fa-rotate-left','fa-rotate-left','fontawesome'),(489,'fa fa-undo','fa-undo','fontawesome'),(490,'fa fa-legal','fa-legal','fontawesome'),(491,'fa fa-gavel','fa-gavel','fontawesome'),(492,'fa fa-dashboard','fa-dashboard','fontawesome'),(493,'fa fa-tachometer','fa-tachometer','fontawesome'),(494,'fa fa-comment-o','fa-comment-o','fontawesome'),(495,'fa fa-comments-o','fa-comments-o','fontawesome'),(496,'fa fa-flash','fa-flash','fontawesome'),(497,'fa fa-bolt','fa-bolt','fontawesome'),(498,'fa fa-sitemap','fa-sitemap','fontawesome'),(499,'fa fa-umbrella','fa-umbrella','fontawesome'),(500,'fa fa-paste','fa-paste','fontawesome'),(501,'fa fa-clipboard','fa-clipboard','fontawesome'),(502,'fa fa-lightbulb-o','fa-lightbulb-o','fontawesome'),(503,'fa fa-exchange','fa-exchange','fontawesome'),(504,'fa fa-cloud-download','fa-cloud-download','fontawesome'),(505,'fa fa-cloud-upload','fa-cloud-upload','fontawesome'),(506,'fa fa-user-md','fa-user-md','fontawesome'),(507,'fa fa-stethoscope','fa-stethoscope','fontawesome'),(508,'fa fa-suitcase','fa-suitcase','fontawesome'),(509,'fa fa-bell-o','fa-bell-o','fontawesome'),(510,'fa fa-coffee','fa-coffee','fontawesome'),(511,'fa fa-cutlery','fa-cutlery','fontawesome'),(512,'fa fa-file-text-o','fa-file-text-o','fontawesome'),(513,'fa fa-building-o','fa-building-o','fontawesome'),(514,'fa fa-hospital-o','fa-hospital-o','fontawesome'),(515,'fa fa-ambulance','fa-ambulance','fontawesome'),(516,'fa fa-medkit','fa-medkit','fontawesome'),(517,'fa fa-fighter-jet','fa-fighter-jet','fontawesome'),(518,'fa fa-beer','fa-beer','fontawesome'),(519,'fa fa-h-square','fa-h-square','fontawesome'),(520,'fa fa-plus-square','fa-plus-square','fontawesome'),(521,'fa fa-angle-double-left','fa-angle-double-left','fontawesome'),(522,'fa fa-angle-double-right','fa-angle-double-right','fontawesome'),(523,'fa fa-angle-double-up','fa-angle-double-up','fontawesome'),(524,'fa fa-angle-double-down','fa-angle-double-down','fontawesome'),(525,'fa fa-angle-left','fa-angle-left','fontawesome'),(526,'fa fa-angle-right','fa-angle-right','fontawesome'),(527,'fa fa-angle-up','fa-angle-up','fontawesome'),(528,'fa fa-angle-down','fa-angle-down','fontawesome'),(529,'fa fa-desktop','fa-desktop','fontawesome'),(530,'fa fa-laptop','fa-laptop','fontawesome'),(531,'fa fa-tablet','fa-tablet','fontawesome'),(532,'fa fa-mobile-phone','fa-mobile-phone','fontawesome'),(533,'fa fa-mobile','fa-mobile','fontawesome'),(534,'fa fa-circle-o','fa-circle-o','fontawesome'),(535,'fa fa-quote-left','fa-quote-left','fontawesome'),(536,'fa fa-quote-right','fa-quote-right','fontawesome'),(537,'fa fa-spinner','fa-spinner','fontawesome'),(538,'fa fa-circle','fa-circle','fontawesome'),(539,'fa fa-mail-reply','fa-mail-reply','fontawesome'),(540,'fa fa-reply','fa-reply','fontawesome'),(541,'fa fa-github-alt','fa-github-alt','fontawesome'),(542,'fa fa-folder-o','fa-folder-o','fontawesome'),(543,'fa fa-folder-open-o','fa-folder-open-o','fontawesome'),(544,'fa fa-smile-o','fa-smile-o','fontawesome'),(545,'fa fa-frown-o','fa-frown-o','fontawesome'),(546,'fa fa-meh-o','fa-meh-o','fontawesome'),(547,'fa fa-gamepad','fa-gamepad','fontawesome'),(548,'fa fa-keyboard-o','fa-keyboard-o','fontawesome'),(549,'fa fa-flag-o','fa-flag-o','fontawesome'),(550,'fa fa-flag-checkered','fa-flag-checkered','fontawesome'),(551,'fa fa-terminal','fa-terminal','fontawesome'),(552,'fa fa-code','fa-code','fontawesome'),(553,'fa fa-mail-reply-all','fa-mail-reply-all','fontawesome'),(554,'fa fa-reply-all','fa-reply-all','fontawesome'),(555,'fa fa-star-half-empty','fa-star-half-empty','fontawesome'),(556,'fa fa-star-half-full','fa-star-half-full','fontawesome'),(557,'fa fa-star-half-o','fa-star-half-o','fontawesome'),(558,'fa fa-location-arrow','fa-location-arrow','fontawesome'),(559,'fa fa-crop','fa-crop','fontawesome'),(560,'fa fa-code-fork','fa-code-fork','fontawesome'),(561,'fa fa-unlink','fa-unlink','fontawesome'),(562,'fa fa-chain-broken','fa-chain-broken','fontawesome'),(563,'fa fa-question','fa-question','fontawesome'),(564,'fa fa-info','fa-info','fontawesome'),(565,'fa fa-exclamation','fa-exclamation','fontawesome'),(566,'fa fa-superscript','fa-superscript','fontawesome'),(567,'fa fa-subscript','fa-subscript','fontawesome'),(568,'fa fa-eraser','fa-eraser','fontawesome'),(569,'fa fa-puzzle-piece','fa-puzzle-piece','fontawesome'),(570,'fa fa-microphone','fa-microphone','fontawesome'),(571,'fa fa-microphone-slash','fa-microphone-slash','fontawesome'),(572,'fa fa-shield','fa-shield','fontawesome'),(573,'fa fa-calendar-o','fa-calendar-o','fontawesome'),(574,'fa fa-fire-extinguisher','fa-fire-extinguisher','fontawesome'),(575,'fa fa-rocket','fa-rocket','fontawesome'),(576,'fa fa-maxcdn','fa-maxcdn','fontawesome'),(577,'fa fa-chevron-circle-left','fa-chevron-circle-left','fontawesome'),(578,'fa fa-chevron-circle-right','fa-chevron-circle-right','fontawesome'),(579,'fa fa-chevron-circle-up','fa-chevron-circle-up','fontawesome'),(580,'fa fa-chevron-circle-down','fa-chevron-circle-down','fontawesome'),(581,'fa fa-html5','fa-html5','fontawesome'),(582,'fa fa-css3','fa-css3','fontawesome'),(583,'fa fa-anchor','fa-anchor','fontawesome'),(584,'fa fa-unlock-alt','fa-unlock-alt','fontawesome'),(585,'fa fa-bullseye','fa-bullseye','fontawesome'),(586,'fa fa-ellipsis-h','fa-ellipsis-h','fontawesome'),(587,'fa fa-ellipsis-v','fa-ellipsis-v','fontawesome'),(588,'fa fa-rss-square','fa-rss-square','fontawesome'),(589,'fa fa-play-circle','fa-play-circle','fontawesome'),(590,'fa fa-ticket','fa-ticket','fontawesome'),(591,'fa fa-minus-square','fa-minus-square','fontawesome'),(592,'fa fa-minus-square-o','fa-minus-square-o','fontawesome'),(593,'fa fa-level-up','fa-level-up','fontawesome'),(594,'fa fa-level-down','fa-level-down','fontawesome'),(595,'fa fa-check-square','fa-check-square','fontawesome'),(596,'fa fa-pencil-square','fa-pencil-square','fontawesome'),(597,'fa fa-external-link-square','fa-external-link-square','fontawesome'),(598,'fa fa-share-square','fa-share-square','fontawesome'),(599,'fa fa-compass','fa-compass','fontawesome'),(600,'fa fa-toggle-down','fa-toggle-down','fontawesome'),(601,'fa fa-caret-square-o-down','fa-caret-square-o-down','fontawesome'),(602,'fa fa-toggle-up','fa-toggle-up','fontawesome'),(603,'fa fa-caret-square-o-up','fa-caret-square-o-up','fontawesome'),(604,'fa fa-toggle-right','fa-toggle-right','fontawesome'),(605,'fa fa-caret-square-o-right','fa-caret-square-o-right','fontawesome'),(606,'fa fa-euro','fa-euro','fontawesome'),(607,'fa fa-eur','fa-eur','fontawesome'),(608,'fa fa-gbp','fa-gbp','fontawesome'),(609,'fa fa-dollar','fa-dollar','fontawesome'),(610,'fa fa-usd','fa-usd','fontawesome'),(611,'fa fa-rupee','fa-rupee','fontawesome'),(612,'fa fa-inr','fa-inr','fontawesome'),(613,'fa fa-cny','fa-cny','fontawesome'),(614,'fa fa-rmb','fa-rmb','fontawesome'),(615,'fa fa-yen','fa-yen','fontawesome'),(616,'fa fa-jpy','fa-jpy','fontawesome'),(617,'fa fa-ruble','fa-ruble','fontawesome'),(618,'fa fa-rouble','fa-rouble','fontawesome'),(619,'fa fa-rub','fa-rub','fontawesome'),(620,'fa fa-won','fa-won','fontawesome'),(621,'fa fa-krw','fa-krw','fontawesome'),(622,'fa fa-bitcoin','fa-bitcoin','fontawesome'),(623,'fa fa-btc','fa-btc','fontawesome'),(624,'fa fa-file','fa-file','fontawesome'),(625,'fa fa-file-text','fa-file-text','fontawesome'),(626,'fa fa-sort-alpha-asc','fa-sort-alpha-asc','fontawesome'),(627,'fa fa-sort-alpha-desc','fa-sort-alpha-desc','fontawesome'),(628,'fa fa-sort-amount-asc','fa-sort-amount-asc','fontawesome'),(629,'fa fa-sort-amount-desc','fa-sort-amount-desc','fontawesome'),(630,'fa fa-sort-numeric-asc','fa-sort-numeric-asc','fontawesome'),(631,'fa fa-sort-numeric-desc','fa-sort-numeric-desc','fontawesome'),(632,'fa fa-thumbs-up','fa-thumbs-up','fontawesome'),(633,'fa fa-thumbs-down','fa-thumbs-down','fontawesome'),(634,'fa fa-youtube-square','fa-youtube-square','fontawesome'),(635,'fa fa-youtube','fa-youtube','fontawesome'),(636,'fa fa-xing','fa-xing','fontawesome'),(637,'fa fa-xing-square','fa-xing-square','fontawesome'),(638,'fa fa-youtube-play','fa-youtube-play','fontawesome'),(639,'fa fa-dropbox','fa-dropbox','fontawesome'),(640,'fa fa-stack-overflow','fa-stack-overflow','fontawesome'),(641,'fa fa-instagram','fa-instagram','fontawesome'),(642,'fa fa-flickr','fa-flickr','fontawesome'),(643,'fa fa-adn','fa-adn','fontawesome'),(644,'fa fa-bitbucket','fa-bitbucket','fontawesome'),(645,'fa fa-bitbucket-square','fa-bitbucket-square','fontawesome'),(646,'fa fa-tumblr','fa-tumblr','fontawesome'),(647,'fa fa-tumblr-square','fa-tumblr-square','fontawesome'),(648,'fa fa-long-arrow-down','fa-long-arrow-down','fontawesome'),(649,'fa fa-long-arrow-up','fa-long-arrow-up','fontawesome'),(650,'fa fa-long-arrow-left','fa-long-arrow-left','fontawesome'),(651,'fa fa-long-arrow-right','fa-long-arrow-right','fontawesome'),(652,'fa fa-apple','fa-apple','fontawesome'),(653,'fa fa-windows','fa-windows','fontawesome'),(654,'fa fa-android','fa-android','fontawesome'),(655,'fa fa-linux','fa-linux','fontawesome'),(656,'fa fa-dribbble','fa-dribbble','fontawesome'),(657,'fa fa-skype','fa-skype','fontawesome'),(658,'fa fa-foursquare','fa-foursquare','fontawesome'),(659,'fa fa-trello','fa-trello','fontawesome'),(660,'fa fa-female','fa-female','fontawesome'),(661,'fa fa-male','fa-male','fontawesome'),(662,'fa fa-gittip','fa-gittip','fontawesome'),(663,'fa fa-gratipay','fa-gratipay','fontawesome'),(664,'fa fa-sun-o','fa-sun-o','fontawesome'),(665,'fa fa-moon-o','fa-moon-o','fontawesome'),(666,'fa fa-archive','fa-archive','fontawesome'),(667,'fa fa-bug','fa-bug','fontawesome'),(668,'fa fa-vk','fa-vk','fontawesome'),(669,'fa fa-weibo','fa-weibo','fontawesome'),(670,'fa fa-renren','fa-renren','fontawesome'),(671,'fa fa-pagelines','fa-pagelines','fontawesome'),(672,'fa fa-stack-exchange','fa-stack-exchange','fontawesome'),(673,'fa fa-arrow-circle-o-right','fa-arrow-circle-o-right','fontawesome'),(674,'fa fa-arrow-circle-o-left','fa-arrow-circle-o-left','fontawesome'),(675,'fa fa-toggle-left','fa-toggle-left','fontawesome'),(676,'fa fa-caret-square-o-left','fa-caret-square-o-left','fontawesome'),(677,'fa fa-dot-circle-o','fa-dot-circle-o','fontawesome'),(678,'fa fa-wheelchair','fa-wheelchair','fontawesome'),(679,'fa fa-vimeo-square','fa-vimeo-square','fontawesome'),(680,'fa fa-turkish-lira','fa-turkish-lira','fontawesome'),(681,'fa fa-try','fa-try','fontawesome'),(682,'fa fa-plus-square-o','fa-plus-square-o','fontawesome'),(683,'fa fa-space-shuttle','fa-space-shuttle','fontawesome'),(684,'fa fa-slack','fa-slack','fontawesome'),(685,'fa fa-envelope-square','fa-envelope-square','fontawesome'),(686,'fa fa-wordpress','fa-wordpress','fontawesome'),(687,'fa fa-openid','fa-openid','fontawesome'),(688,'fa fa-institution','fa-institution','fontawesome'),(689,'fa fa-bank','fa-bank','fontawesome'),(690,'fa fa-university','fa-university','fontawesome'),(691,'fa fa-mortar-board','fa-mortar-board','fontawesome'),(692,'fa fa-graduation-cap','fa-graduation-cap','fontawesome'),(693,'fa fa-yahoo','fa-yahoo','fontawesome'),(694,'fa fa-google','fa-google','fontawesome'),(695,'fa fa-reddit','fa-reddit','fontawesome'),(696,'fa fa-reddit-square','fa-reddit-square','fontawesome'),(697,'fa fa-stumbleupon-circle','fa-stumbleupon-circle','fontawesome'),(698,'fa fa-stumbleupon','fa-stumbleupon','fontawesome'),(699,'fa fa-delicious','fa-delicious','fontawesome'),(700,'fa fa-digg','fa-digg','fontawesome'),(701,'fa fa-pied-piper-pp','fa-pied-piper-pp','fontawesome'),(702,'fa fa-pied-piper-alt','fa-pied-piper-alt','fontawesome'),(703,'fa fa-drupal','fa-drupal','fontawesome'),(704,'fa fa-joomla','fa-joomla','fontawesome'),(705,'fa fa-language','fa-language','fontawesome'),(706,'fa fa-fax','fa-fax','fontawesome'),(707,'fa fa-building','fa-building','fontawesome'),(708,'fa fa-child','fa-child','fontawesome'),(709,'fa fa-paw','fa-paw','fontawesome'),(710,'fa fa-spoon','fa-spoon','fontawesome'),(711,'fa fa-cube','fa-cube','fontawesome'),(712,'fa fa-cubes','fa-cubes','fontawesome'),(713,'fa fa-behance','fa-behance','fontawesome'),(714,'fa fa-behance-square','fa-behance-square','fontawesome'),(715,'fa fa-steam','fa-steam','fontawesome'),(716,'fa fa-steam-square','fa-steam-square','fontawesome'),(717,'fa fa-recycle','fa-recycle','fontawesome'),(718,'fa fa-automobile','fa-automobile','fontawesome'),(719,'fa fa-car','fa-car','fontawesome'),(720,'fa fa-cab','fa-cab','fontawesome'),(721,'fa fa-taxi','fa-taxi','fontawesome'),(722,'fa fa-tree','fa-tree','fontawesome'),(723,'fa fa-spotify','fa-spotify','fontawesome'),(724,'fa fa-deviantart','fa-deviantart','fontawesome'),(725,'fa fa-soundcloud','fa-soundcloud','fontawesome'),(726,'fa fa-database','fa-database','fontawesome'),(727,'fa fa-file-pdf-o','fa-file-pdf-o','fontawesome'),(728,'fa fa-file-word-o','fa-file-word-o','fontawesome'),(729,'fa fa-file-excel-o','fa-file-excel-o','fontawesome'),(730,'fa fa-file-powerpoint-o','fa-file-powerpoint-o','fontawesome'),(731,'fa fa-file-photo-o','fa-file-photo-o','fontawesome'),(732,'fa fa-file-picture-o','fa-file-picture-o','fontawesome'),(733,'fa fa-file-image-o','fa-file-image-o','fontawesome'),(734,'fa fa-file-zip-o','fa-file-zip-o','fontawesome'),(735,'fa fa-file-archive-o','fa-file-archive-o','fontawesome'),(736,'fa fa-file-sound-o','fa-file-sound-o','fontawesome'),(737,'fa fa-file-audio-o','fa-file-audio-o','fontawesome'),(738,'fa fa-file-movie-o','fa-file-movie-o','fontawesome'),(739,'fa fa-file-video-o','fa-file-video-o','fontawesome'),(740,'fa fa-file-code-o','fa-file-code-o','fontawesome'),(741,'fa fa-vine','fa-vine','fontawesome'),(742,'fa fa-codepen','fa-codepen','fontawesome'),(743,'fa fa-jsfiddle','fa-jsfiddle','fontawesome'),(744,'fa fa-life-bouy','fa-life-bouy','fontawesome'),(745,'fa fa-life-buoy','fa-life-buoy','fontawesome'),(746,'fa fa-life-saver','fa-life-saver','fontawesome'),(747,'fa fa-support','fa-support','fontawesome'),(748,'fa fa-life-ring','fa-life-ring','fontawesome'),(749,'fa fa-circle-o-notch','fa-circle-o-notch','fontawesome'),(750,'fa fa-ra','fa-ra','fontawesome'),(751,'fa fa-resistance','fa-resistance','fontawesome'),(752,'fa fa-rebel','fa-rebel','fontawesome'),(753,'fa fa-ge','fa-ge','fontawesome'),(754,'fa fa-empire','fa-empire','fontawesome'),(755,'fa fa-git-square','fa-git-square','fontawesome'),(756,'fa fa-git','fa-git','fontawesome'),(757,'fa fa-y-combinator-square','fa-y-combinator-square','fontawesome'),(758,'fa fa-yc-square','fa-yc-square','fontawesome'),(759,'fa fa-hacker-news','fa-hacker-news','fontawesome'),(760,'fa fa-tencent-weibo','fa-tencent-weibo','fontawesome'),(761,'fa fa-qq','fa-qq','fontawesome'),(762,'fa fa-wechat','fa-wechat','fontawesome'),(763,'fa fa-weixin','fa-weixin','fontawesome'),(764,'fa fa-send','fa-send','fontawesome'),(765,'fa fa-paper-plane','fa-paper-plane','fontawesome'),(766,'fa fa-send-o','fa-send-o','fontawesome'),(767,'fa fa-paper-plane-o','fa-paper-plane-o','fontawesome'),(768,'fa fa-history','fa-history','fontawesome'),(769,'fa fa-circle-thin','fa-circle-thin','fontawesome'),(770,'fa fa-header','fa-header','fontawesome'),(771,'fa fa-paragraph','fa-paragraph','fontawesome'),(772,'fa fa-sliders','fa-sliders','fontawesome'),(773,'fa fa-share-alt','fa-share-alt','fontawesome'),(774,'fa fa-share-alt-square','fa-share-alt-square','fontawesome'),(775,'fa fa-bomb','fa-bomb','fontawesome'),(776,'fa fa-soccer-ball-o','fa-soccer-ball-o','fontawesome'),(777,'fa fa-futbol-o','fa-futbol-o','fontawesome'),(778,'fa fa-tty','fa-tty','fontawesome'),(779,'fa fa-binoculars','fa-binoculars','fontawesome'),(780,'fa fa-plug','fa-plug','fontawesome'),(781,'fa fa-slideshare','fa-slideshare','fontawesome'),(782,'fa fa-twitch','fa-twitch','fontawesome'),(783,'fa fa-yelp','fa-yelp','fontawesome'),(784,'fa fa-newspaper-o','fa-newspaper-o','fontawesome'),(785,'fa fa-wifi','fa-wifi','fontawesome'),(786,'fa fa-calculator','fa-calculator','fontawesome'),(787,'fa fa-paypal','fa-paypal','fontawesome'),(788,'fa fa-google-wallet','fa-google-wallet','fontawesome'),(789,'fa fa-cc-visa','fa-cc-visa','fontawesome'),(790,'fa fa-cc-mastercard','fa-cc-mastercard','fontawesome'),(791,'fa fa-cc-discover','fa-cc-discover','fontawesome'),(792,'fa fa-cc-amex','fa-cc-amex','fontawesome'),(793,'fa fa-cc-paypal','fa-cc-paypal','fontawesome'),(794,'fa fa-cc-stripe','fa-cc-stripe','fontawesome'),(795,'fa fa-bell-slash','fa-bell-slash','fontawesome'),(796,'fa fa-bell-slash-o','fa-bell-slash-o','fontawesome'),(797,'fa fa-trash','fa-trash','fontawesome'),(798,'fa fa-copyright','fa-copyright','fontawesome'),(799,'fa fa-at','fa-at','fontawesome'),(800,'fa fa-eyedropper','fa-eyedropper','fontawesome'),(801,'fa fa-paint-brush','fa-paint-brush','fontawesome'),(802,'fa fa-birthday-cake','fa-birthday-cake','fontawesome'),(803,'fa fa-area-chart','fa-area-chart','fontawesome'),(804,'fa fa-pie-chart','fa-pie-chart','fontawesome'),(805,'fa fa-line-chart','fa-line-chart','fontawesome'),(806,'fa fa-lastfm','fa-lastfm','fontawesome'),(807,'fa fa-lastfm-square','fa-lastfm-square','fontawesome'),(808,'fa fa-toggle-off','fa-toggle-off','fontawesome'),(809,'fa fa-toggle-on','fa-toggle-on','fontawesome'),(810,'fa fa-bicycle','fa-bicycle','fontawesome'),(811,'fa fa-bus','fa-bus','fontawesome'),(812,'fa fa-ioxhost','fa-ioxhost','fontawesome'),(813,'fa fa-angellist','fa-angellist','fontawesome'),(814,'fa fa-cc','fa-cc','fontawesome'),(815,'fa fa-shekel','fa-shekel','fontawesome'),(816,'fa fa-sheqel','fa-sheqel','fontawesome'),(817,'fa fa-ils','fa-ils','fontawesome'),(818,'fa fa-meanpath','fa-meanpath','fontawesome'),(819,'fa fa-buysellads','fa-buysellads','fontawesome'),(820,'fa fa-connectdevelop','fa-connectdevelop','fontawesome'),(821,'fa fa-dashcube','fa-dashcube','fontawesome'),(822,'fa fa-forumbee','fa-forumbee','fontawesome'),(823,'fa fa-leanpub','fa-leanpub','fontawesome'),(824,'fa fa-sellsy','fa-sellsy','fontawesome'),(825,'fa fa-shirtsinbulk','fa-shirtsinbulk','fontawesome'),(826,'fa fa-simplybuilt','fa-simplybuilt','fontawesome'),(827,'fa fa-skyatlas','fa-skyatlas','fontawesome'),(828,'fa fa-cart-plus','fa-cart-plus','fontawesome'),(829,'fa fa-cart-arrow-down','fa-cart-arrow-down','fontawesome'),(830,'fa fa-diamond','fa-diamond','fontawesome'),(831,'fa fa-ship','fa-ship','fontawesome'),(832,'fa fa-user-secret','fa-user-secret','fontawesome'),(833,'fa fa-motorcycle','fa-motorcycle','fontawesome'),(834,'fa fa-street-view','fa-street-view','fontawesome'),(835,'fa fa-heartbeat','fa-heartbeat','fontawesome'),(836,'fa fa-venus','fa-venus','fontawesome'),(837,'fa fa-mars','fa-mars','fontawesome'),(838,'fa fa-mercury','fa-mercury','fontawesome'),(839,'fa fa-intersex','fa-intersex','fontawesome'),(840,'fa fa-transgender','fa-transgender','fontawesome'),(841,'fa fa-transgender-alt','fa-transgender-alt','fontawesome'),(842,'fa fa-venus-double','fa-venus-double','fontawesome'),(843,'fa fa-mars-double','fa-mars-double','fontawesome'),(844,'fa fa-venus-mars','fa-venus-mars','fontawesome'),(845,'fa fa-mars-stroke','fa-mars-stroke','fontawesome'),(846,'fa fa-mars-stroke-v','fa-mars-stroke-v','fontawesome'),(847,'fa fa-mars-stroke-h','fa-mars-stroke-h','fontawesome'),(848,'fa fa-neuter','fa-neuter','fontawesome'),(849,'fa fa-genderless','fa-genderless','fontawesome'),(850,'fa fa-facebook-official','fa-facebook-official','fontawesome'),(851,'fa fa-pinterest-p','fa-pinterest-p','fontawesome'),(852,'fa fa-whatsapp','fa-whatsapp','fontawesome'),(853,'fa fa-server','fa-server','fontawesome'),(854,'fa fa-user-plus','fa-user-plus','fontawesome'),(855,'fa fa-user-times','fa-user-times','fontawesome'),(856,'fa fa-hotel','fa-hotel','fontawesome'),(857,'fa fa-bed','fa-bed','fontawesome'),(858,'fa fa-viacoin','fa-viacoin','fontawesome'),(859,'fa fa-train','fa-train','fontawesome'),(860,'fa fa-subway','fa-subway','fontawesome'),(861,'fa fa-medium','fa-medium','fontawesome'),(862,'fa fa-yc','fa-yc','fontawesome'),(863,'fa fa-y-combinator','fa-y-combinator','fontawesome'),(864,'fa fa-optin-monster','fa-optin-monster','fontawesome'),(865,'fa fa-opencart','fa-opencart','fontawesome'),(866,'fa fa-expeditedssl','fa-expeditedssl','fontawesome'),(867,'fa fa-battery-4','fa-battery-4','fontawesome'),(868,'fa fa-battery','fa-battery','fontawesome'),(869,'fa fa-battery-full','fa-battery-full','fontawesome'),(870,'fa fa-battery-3','fa-battery-3','fontawesome'),(871,'fa fa-battery-three-quarters','fa-battery-three-quarters','fontawesome'),(872,'fa fa-battery-2','fa-battery-2','fontawesome'),(873,'fa fa-battery-half','fa-battery-half','fontawesome'),(874,'fa fa-battery-1','fa-battery-1','fontawesome'),(875,'fa fa-battery-quarter','fa-battery-quarter','fontawesome'),(876,'fa fa-battery-0','fa-battery-0','fontawesome'),(877,'fa fa-battery-empty','fa-battery-empty','fontawesome'),(878,'fa fa-mouse-pointer','fa-mouse-pointer','fontawesome'),(879,'fa fa-i-cursor','fa-i-cursor','fontawesome'),(880,'fa fa-object-group','fa-object-group','fontawesome'),(881,'fa fa-object-ungroup','fa-object-ungroup','fontawesome'),(882,'fa fa-sticky-note','fa-sticky-note','fontawesome'),(883,'fa fa-sticky-note-o','fa-sticky-note-o','fontawesome'),(884,'fa fa-cc-jcb','fa-cc-jcb','fontawesome'),(885,'fa fa-cc-diners-club','fa-cc-diners-club','fontawesome'),(886,'fa fa-clone','fa-clone','fontawesome'),(887,'fa fa-balance-scale','fa-balance-scale','fontawesome'),(888,'fa fa-hourglass-o','fa-hourglass-o','fontawesome'),(889,'fa fa-hourglass-1','fa-hourglass-1','fontawesome'),(890,'fa fa-hourglass-start','fa-hourglass-start','fontawesome'),(891,'fa fa-hourglass-2','fa-hourglass-2','fontawesome'),(892,'fa fa-hourglass-half','fa-hourglass-half','fontawesome'),(893,'fa fa-hourglass-3','fa-hourglass-3','fontawesome'),(894,'fa fa-hourglass-end','fa-hourglass-end','fontawesome'),(895,'fa fa-hourglass','fa-hourglass','fontawesome'),(896,'fa fa-hand-grab-o','fa-hand-grab-o','fontawesome'),(897,'fa fa-hand-rock-o','fa-hand-rock-o','fontawesome'),(898,'fa fa-hand-stop-o','fa-hand-stop-o','fontawesome'),(899,'fa fa-hand-paper-o','fa-hand-paper-o','fontawesome'),(900,'fa fa-hand-scissors-o','fa-hand-scissors-o','fontawesome'),(901,'fa fa-hand-lizard-o','fa-hand-lizard-o','fontawesome'),(902,'fa fa-hand-spock-o','fa-hand-spock-o','fontawesome'),(903,'fa fa-hand-pointer-o','fa-hand-pointer-o','fontawesome'),(904,'fa fa-hand-peace-o','fa-hand-peace-o','fontawesome'),(905,'fa fa-trademark','fa-trademark','fontawesome'),(906,'fa fa-registered','fa-registered','fontawesome'),(907,'fa fa-creative-commons','fa-creative-commons','fontawesome'),(908,'fa fa-gg','fa-gg','fontawesome'),(909,'fa fa-gg-circle','fa-gg-circle','fontawesome'),(910,'fa fa-tripadvisor','fa-tripadvisor','fontawesome'),(911,'fa fa-odnoklassniki','fa-odnoklassniki','fontawesome'),(912,'fa fa-odnoklassniki-square','fa-odnoklassniki-square','fontawesome'),(913,'fa fa-get-pocket','fa-get-pocket','fontawesome'),(914,'fa fa-wikipedia-w','fa-wikipedia-w','fontawesome'),(915,'fa fa-safari','fa-safari','fontawesome'),(916,'fa fa-chrome','fa-chrome','fontawesome'),(917,'fa fa-firefox','fa-firefox','fontawesome'),(918,'fa fa-opera','fa-opera','fontawesome'),(919,'fa fa-internet-explorer','fa-internet-explorer','fontawesome'),(920,'fa fa-tv','fa-tv','fontawesome'),(921,'fa fa-television','fa-television','fontawesome'),(922,'fa fa-contao','fa-contao','fontawesome'),(923,'fa fa-500px','fa-500px','fontawesome'),(924,'fa fa-amazon','fa-amazon','fontawesome'),(925,'fa fa-calendar-plus-o','fa-calendar-plus-o','fontawesome'),(926,'fa fa-calendar-minus-o','fa-calendar-minus-o','fontawesome'),(927,'fa fa-calendar-times-o','fa-calendar-times-o','fontawesome'),(928,'fa fa-calendar-check-o','fa-calendar-check-o','fontawesome'),(929,'fa fa-industry','fa-industry','fontawesome'),(930,'fa fa-map-pin','fa-map-pin','fontawesome'),(931,'fa fa-map-signs','fa-map-signs','fontawesome'),(932,'fa fa-map-o','fa-map-o','fontawesome'),(933,'fa fa-map','fa-map','fontawesome'),(934,'fa fa-commenting','fa-commenting','fontawesome'),(935,'fa fa-commenting-o','fa-commenting-o','fontawesome'),(936,'fa fa-houzz','fa-houzz','fontawesome'),(937,'fa fa-vimeo','fa-vimeo','fontawesome'),(938,'fa fa-black-tie','fa-black-tie','fontawesome'),(939,'fa fa-fonticons','fa-fonticons','fontawesome'),(940,'fa fa-reddit-alien','fa-reddit-alien','fontawesome'),(941,'fa fa-edge','fa-edge','fontawesome'),(942,'fa fa-credit-card-alt','fa-credit-card-alt','fontawesome'),(943,'fa fa-codiepie','fa-codiepie','fontawesome'),(944,'fa fa-modx','fa-modx','fontawesome'),(945,'fa fa-fort-awesome','fa-fort-awesome','fontawesome'),(946,'fa fa-usb','fa-usb','fontawesome'),(947,'fa fa-product-hunt','fa-product-hunt','fontawesome'),(948,'fa fa-mixcloud','fa-mixcloud','fontawesome'),(949,'fa fa-scribd','fa-scribd','fontawesome'),(950,'fa fa-pause-circle','fa-pause-circle','fontawesome'),(951,'fa fa-pause-circle-o','fa-pause-circle-o','fontawesome'),(952,'fa fa-stop-circle','fa-stop-circle','fontawesome'),(953,'fa fa-stop-circle-o','fa-stop-circle-o','fontawesome'),(954,'fa fa-shopping-bag','fa-shopping-bag','fontawesome'),(955,'fa fa-shopping-basket','fa-shopping-basket','fontawesome'),(956,'fa fa-hashtag','fa-hashtag','fontawesome'),(957,'fa fa-bluetooth','fa-bluetooth','fontawesome'),(958,'fa fa-bluetooth-b','fa-bluetooth-b','fontawesome'),(959,'fa fa-percent','fa-percent','fontawesome'),(960,'fa fa-gitlab','fa-gitlab','fontawesome'),(961,'fa fa-wpbeginner','fa-wpbeginner','fontawesome'),(962,'fa fa-wpforms','fa-wpforms','fontawesome'),(963,'fa fa-envira','fa-envira','fontawesome'),(964,'fa fa-universal-access','fa-universal-access','fontawesome'),(965,'fa fa-wheelchair-alt','fa-wheelchair-alt','fontawesome'),(966,'fa fa-question-circle-o','fa-question-circle-o','fontawesome'),(967,'fa fa-blind','fa-blind','fontawesome'),(968,'fa fa-audio-description','fa-audio-description','fontawesome'),(969,'fa fa-volume-control-phone','fa-volume-control-phone','fontawesome'),(970,'fa fa-braille','fa-braille','fontawesome'),(971,'fa fa-assistive-listening-systems','fa-assistive-listening-systems','fontawesome'),(972,'fa fa-asl-interpreting','fa-asl-interpreting','fontawesome'),(973,'fa fa-american-sign-language-interpreting','fa-american-sign-language-interpreting','fontawesome'),(974,'fa fa-deafness','fa-deafness','fontawesome'),(975,'fa fa-hard-of-hearing','fa-hard-of-hearing','fontawesome'),(976,'fa fa-deaf','fa-deaf','fontawesome'),(977,'fa fa-glide','fa-glide','fontawesome'),(978,'fa fa-glide-g','fa-glide-g','fontawesome'),(979,'fa fa-signing','fa-signing','fontawesome'),(980,'fa fa-sign-language','fa-sign-language','fontawesome'),(981,'fa fa-low-vision','fa-low-vision','fontawesome'),(982,'fa fa-viadeo','fa-viadeo','fontawesome'),(983,'fa fa-viadeo-square','fa-viadeo-square','fontawesome'),(984,'fa fa-snapchat','fa-snapchat','fontawesome'),(985,'fa fa-snapchat-ghost','fa-snapchat-ghost','fontawesome'),(986,'fa fa-snapchat-square','fa-snapchat-square','fontawesome'),(987,'fa fa-pied-piper','fa-pied-piper','fontawesome'),(988,'fa fa-first-order','fa-first-order','fontawesome'),(989,'fa fa-yoast','fa-yoast','fontawesome'),(990,'fa fa-themeisle','fa-themeisle','fontawesome'),(991,'fa fa-google-plus-circle','fa-google-plus-circle','fontawesome'),(992,'fa fa-google-plus-official','fa-google-plus-official','fontawesome'),(993,'fa fa-fa','fa-fa','fontawesome'),(994,'fa fa-font-awesome','fa-font-awesome','fontawesome'),(995,'fa fa-handshake-o','fa-handshake-o','fontawesome'),(996,'fa fa-envelope-open','fa-envelope-open','fontawesome'),(997,'fa fa-envelope-open-o','fa-envelope-open-o','fontawesome'),(998,'fa fa-linode','fa-linode','fontawesome'),(999,'fa fa-address-book','fa-address-book','fontawesome'),(1000,'fa fa-address-book-o','fa-address-book-o','fontawesome'),(1001,'fa fa-vcard','fa-vcard','fontawesome'),(1002,'fa fa-address-card','fa-address-card','fontawesome'),(1003,'fa fa-vcard-o','fa-vcard-o','fontawesome'),(1004,'fa fa-address-card-o','fa-address-card-o','fontawesome'),(1005,'fa fa-user-circle','fa-user-circle','fontawesome'),(1006,'fa fa-user-circle-o','fa-user-circle-o','fontawesome'),(1007,'fa fa-user-o','fa-user-o','fontawesome'),(1008,'fa fa-id-badge','fa-id-badge','fontawesome'),(1009,'fa fa-drivers-license','fa-drivers-license','fontawesome'),(1010,'fa fa-id-card','fa-id-card','fontawesome'),(1011,'fa fa-drivers-license-o','fa-drivers-license-o','fontawesome'),(1012,'fa fa-id-card-o','fa-id-card-o','fontawesome'),(1013,'fa fa-quora','fa-quora','fontawesome'),(1014,'fa fa-free-code-camp','fa-free-code-camp','fontawesome'),(1015,'fa fa-telegram','fa-telegram','fontawesome'),(1016,'fa fa-thermometer-4','fa-thermometer-4','fontawesome'),(1017,'fa fa-thermometer','fa-thermometer','fontawesome'),(1018,'fa fa-thermometer-full','fa-thermometer-full','fontawesome'),(1019,'fa fa-thermometer-3','fa-thermometer-3','fontawesome'),(1020,'fa fa-thermometer-three-quarters','fa-thermometer-three-quarters','fontawesome'),(1021,'fa fa-thermometer-2','fa-thermometer-2','fontawesome'),(1022,'fa fa-thermometer-half','fa-thermometer-half','fontawesome'),(1023,'fa fa-thermometer-1','fa-thermometer-1','fontawesome'),(1024,'fa fa-thermometer-quarter','fa-thermometer-quarter','fontawesome'),(1025,'fa fa-thermometer-0','fa-thermometer-0','fontawesome'),(1026,'fa fa-thermometer-empty','fa-thermometer-empty','fontawesome'),(1027,'fa fa-shower','fa-shower','fontawesome'),(1028,'fa fa-bathtub','fa-bathtub','fontawesome'),(1029,'fa fa-s15','fa-s15','fontawesome'),(1030,'fa fa-bath','fa-bath','fontawesome'),(1031,'fa fa-podcast','fa-podcast','fontawesome'),(1032,'fa fa-window-maximize','fa-window-maximize','fontawesome'),(1033,'fa fa-window-minimize','fa-window-minimize','fontawesome'),(1034,'fa fa-window-restore','fa-window-restore','fontawesome'),(1035,'fa fa-times-rectangle','fa-times-rectangle','fontawesome'),(1036,'fa fa-window-close','fa-window-close','fontawesome'),(1037,'fa fa-times-rectangle-o','fa-times-rectangle-o','fontawesome'),(1038,'fa fa-window-close-o','fa-window-close-o','fontawesome'),(1039,'fa fa-bandcamp','fa-bandcamp','fontawesome'),(1040,'fa fa-grav','fa-grav','fontawesome'),(1041,'fa fa-etsy','fa-etsy','fontawesome'),(1042,'fa fa-imdb','fa-imdb','fontawesome'),(1043,'fa fa-ravelry','fa-ravelry','fontawesome'),(1044,'fa fa-eercast','fa-eercast','fontawesome'),(1045,'fa fa-microchip','fa-microchip','fontawesome'),(1046,'fa fa-snowflake-o','fa-snowflake-o','fontawesome'),(1047,'fa fa-superpowers','fa-superpowers','fontawesome'),(1048,'fa fa-wpexplorer','fa-wpexplorer','fontawesome'),(1049,'fa fa-meetup','fa-meetup','fontawesome');

/*Table structure for table `organization` */

DROP TABLE IF EXISTS `organization`;

CREATE TABLE `organization` (
  `id` bigint(20) NOT NULL AUTO_INCREMENT,
  `description` varchar(255) DEFAULT NULL,
  `orgname` varchar(255) DEFAULT NULL,
  `orgno` varchar(255) DEFAULT NULL,
  `pid` bigint(20) DEFAULT NULL,
  `parentName` varchar(255) DEFAULT NULL,
  PRIMARY KEY (`id`)
) ENGINE=InnoDB AUTO_INCREMENT=6 DEFAULT CHARSET=utf8;

/*Data for the table `organization` */

insert  into `organization`(`id`,`description`,`orgname`,`orgno`,`pid`,`parentName`) values (1,'','',NULL,NULL,NULL);

/*Table structure for table `project` */

DROP TABLE IF EXISTS `project`;

CREATE TABLE `project` (
  `id` bigint(20) NOT NULL AUTO_INCREMENT,
  `name` varchar(255) DEFAULT NULL,
  `projectno` varchar(255) DEFAULT NULL,
  `companyId` varchar(255) DEFAULT NULL,
  `address` varchar(255) DEFAULT NULL,
  `constructionUnits` varchar(255) DEFAULT NULL,
  `days` varchar(255) DEFAULT NULL,
  `designUtils` varchar(255) DEFAULT NULL,
  `explorationUnit` varchar(255) DEFAULT NULL,
  `scale` varchar(255) DEFAULT NULL,
  `supervisingUnit` varchar(255) DEFAULT NULL,
  `totalUtils` varchar(255) DEFAULT NULL,
  PRIMARY KEY (`id`)
) ENGINE=InnoDB AUTO_INCREMENT=4 DEFAULT CHARSET=utf8;

/*Data for the table `project` */

insert  into `project`(`id`,`name`,`projectno`,`companyId`,`address`,`constructionUnits`,`days`,`designUtils`,`explorationUnit`,`scale`,`supervisingUnit`,`totalUtils`) values (1,'','A30-j001',NULL,NULL,NULL,NULL,NULL,NULL,'<h1></h1>',NULL,NULL),(3,'2','A30-j0012',NULL,'1','1','1','1','1','1','1','1');

/*Table structure for table `resource` */

DROP TABLE IF EXISTS `resource`;

CREATE TABLE `resource` (
  `id` bigint(19) NOT NULL AUTO_INCREMENT COMMENT '',
  `name` varchar(64) NOT NULL COMMENT '',
  `url` varchar(100) DEFAULT NULL COMMENT '',
  `open_mode` varchar(32) DEFAULT NULL COMMENT ' ajax,iframe',
  `description` varchar(255) DEFAULT NULL COMMENT '',
  `icon` varchar(32) DEFAULT NULL COMMENT '',
  `pid` bigint(19) DEFAULT NULL COMMENT 'id',
  `seq` tinyint(2) DEFAULT '0' COMMENT '',
  `status` tinyint(2) DEFAULT '1' COMMENT '',
  `opened` tinyint(2) DEFAULT '1' COMMENT '',
  `resource_type` tinyint(2) DEFAULT '0' COMMENT '',
  `create_time` datetime DEFAULT NULL COMMENT '',
  `level` tinyint(2) DEFAULT NULL,
  PRIMARY KEY (`id`)
) ENGINE=InnoDB AUTO_INCREMENT=10 DEFAULT CHARSET=utf8 COMMENT='';

/*Data for the table `resource` */

insert  into `resource`(`id`,`name`,`url`,`open_mode`,`description`,`icon`,`pid`,`seq`,`status`,`opened`,`resource_type`,`create_time`,`level`) values (1,'','',NULL,'','fa fa-cog blue',0,0,1,1,0,'2018-01-15 13:05:11',1),(2,'','/jsp/user/userList.jsp',NULL,'','',1,1,1,1,0,'2018-01-15 13:05:39',2),(3,'','/jsp/org/organizationList.jsp',NULL,'','fa fa-gg blue',1,2,1,1,0,'2018-01-16 13:23:51',2),(4,'','/jsp/role/roleList.jsp',NULL,NULL,NULL,1,3,1,1,0,'2018-01-17 21:05:38',2),(5,'','/jsp/resource/resourceList.jsp',NULL,'',' blue',1,4,1,1,0,'2018-01-17 22:45:05',2),(8,'','/project/project!managePage',NULL,'','fa fa-th-list blue',9,6,1,1,0,'2018-01-18 15:35:31',2),(9,'','',NULL,'','fa fa-list-alt blue',0,5,1,1,0,'2018-01-18 15:53:24',1);

/*Table structure for table `role` */

DROP TABLE IF EXISTS `role`;

CREATE TABLE `role` (
  `id` bigint(20) NOT NULL AUTO_INCREMENT COMMENT 'id',
  `name` varchar(24) DEFAULT NULL COMMENT '',
  `seq` int(11) DEFAULT '0' COMMENT '',
  `status` int(11) DEFAULT '1' COMMENT '',
  `description` varchar(255) DEFAULT NULL COMMENT '',
  PRIMARY KEY (`id`)
) ENGINE=InnoDB AUTO_INCREMENT=4 DEFAULT CHARSET=utf8 COMMENT='';

/*Data for the table `role` */

insert  into `role`(`id`,`name`,`seq`,`status`,`description`) values (1,'admin',0,1,''),(2,'aa1',0,1,'aa');

/*Table structure for table `role_resource` */

DROP TABLE IF EXISTS `role_resource`;

CREATE TABLE `role_resource` (
  `id` bigint(19) NOT NULL AUTO_INCREMENT COMMENT 'id',
  `role_id` bigint(19) NOT NULL COMMENT 'id',
  `resource_id` bigint(19) NOT NULL COMMENT 'id',
  PRIMARY KEY (`id`),
  KEY `idx_role_resource_ids` (`role_id`,`resource_id`) USING BTREE
) ENGINE=InnoDB AUTO_INCREMENT=33 DEFAULT CHARSET=utf8 COMMENT='';

/*Data for the table `role_resource` */

insert  into `role_resource`(`id`,`role_id`,`resource_id`) values (26,1,1),(27,1,2),(28,1,3),(29,1,4),(30,1,5),(32,1,8),(31,1,9),(12,2,1),(13,2,2),(14,2,4);

/*Table structure for table `sys_log` */

DROP TABLE IF EXISTS `sys_log`;

CREATE TABLE `sys_log` (
  `id` bigint(20) NOT NULL AUTO_INCREMENT COMMENT 'id',
  `username` varchar(255) DEFAULT NULL COMMENT '',
  `role_name` varchar(255) DEFAULT NULL COMMENT '',
  `opt_content` varchar(1024) DEFAULT NULL COMMENT '',
  `client_ip` varchar(255) DEFAULT NULL COMMENT 'ip',
  `create_time` datetime NOT NULL COMMENT '',
  PRIMARY KEY (`id`)
) ENGINE=InnoDB DEFAULT CHARSET=utf8 COMMENT='';

/*Data for the table `sys_log` */

/*Table structure for table `type` */

DROP TABLE IF EXISTS `type`;

CREATE TABLE `type` (
  `id` int(11) NOT NULL AUTO_INCREMENT,
  `description` varchar(255) DEFAULT NULL,
  `name` varchar(255) DEFAULT NULL,
  `status` int(11) DEFAULT NULL,
  `type` varchar(255) DEFAULT NULL,
  PRIMARY KEY (`id`)
) ENGINE=InnoDB DEFAULT CHARSET=utf8;

/*Data for the table `type` */

/*Table structure for table `user` */

DROP TABLE IF EXISTS `user`;

CREATE TABLE `user` (
  `id` bigint(20) NOT NULL AUTO_INCREMENT COMMENT 'id',
  `name` varchar(25) DEFAULT NULL COMMENT '',
  `username` varchar(64) DEFAULT NULL COMMENT '',
  `password` varchar(64) DEFAULT NULL COMMENT '',
  `salt` varchar(64) DEFAULT NULL,
  `organization_id` bigint(20) DEFAULT NULL COMMENT 'id',
  `status` int(2) DEFAULT NULL COMMENT '',
  `create_time` datetime DEFAULT NULL COMMENT '',
  `update_time` datetime DEFAULT NULL COMMENT '',
  `sex` tinyint(2) DEFAULT '1' COMMENT '',
  `user_type` tinyint(2) DEFAULT '0' COMMENT '',
  `phone` varchar(20) DEFAULT NULL COMMENT '',
  `age` tinyint(2) DEFAULT '0' COMMENT '',
  `birthday` date DEFAULT NULL,
  `education` varchar(255) DEFAULT NULL,
  `enterDay` date DEFAULT NULL,
  `leader` bigint(20) DEFAULT NULL,
  `national` varchar(255) DEFAULT NULL,
  `pjId` bigint(20) DEFAULT NULL,
  `work_type` varchar(255) DEFAULT NULL,
  `idNum` varchar(255) DEFAULT NULL,
  PRIMARY KEY (`id`)
) ENGINE=InnoDB AUTO_INCREMENT=17 DEFAULT CHARSET=utf8 COMMENT='';

/*Data for the table `user` */

insert  into `user`(`id`,`name`,`username`,`password`,`salt`,`organization_id`,`status`,`create_time`,`update_time`,`sex`,`user_type`,`phone`,`age`,`birthday`,`education`,`enterDay`,`leader`,`national`,`pjId`,`work_type`,`idNum`) values (1,'','admin','123',NULL,NULL,1,'2018-01-17 11:50:53',NULL,1,1,'18787080357',11,'2018-01-16','','2018-01-16',2,'',1,'','532325199012241531'),(2,'2','xaa','123',NULL,NULL,1,'2018-01-15 16:53:41',NULL,1,0,NULL,0,NULL,NULL,NULL,NULL,NULL,NULL,NULL,NULL),(3,'3','sss','123',NULL,NULL,NULL,NULL,NULL,1,0,NULL,0,NULL,NULL,NULL,NULL,NULL,NULL,NULL,NULL);

/*Table structure for table `user_role` */

DROP TABLE IF EXISTS `user_role`;

CREATE TABLE `user_role` (
  `id` bigint(20) NOT NULL AUTO_INCREMENT COMMENT 'id',
  `user_id` bigint(20) DEFAULT NULL COMMENT 'id',
  `role_id` bigint(20) DEFAULT NULL COMMENT 'id',
  PRIMARY KEY (`id`)
) ENGINE=InnoDB AUTO_INCREMENT=12 DEFAULT CHARSET=utf8 COMMENT='';

/*Data for the table `user_role` */

insert  into `user_role`(`id`,`user_id`,`role_id`) values (3,10,2),(4,12,2),(5,16,2),(11,1,1);

/*!40101 SET SQL_MODE=@OLD_SQL_MODE */;
/*!40014 SET FOREIGN_KEY_CHECKS=@OLD_FOREIGN_KEY_CHECKS */;
/*!40014 SET UNIQUE_CHECKS=@OLD_UNIQUE_CHECKS */;
/*!40111 SET SQL_NOTES=@OLD_SQL_NOTES */;
